keyword,context1,context2,weight,phonetic,context1_translation,context2_translation,keyword_translation_1 / keyword_translation_2 / keyword_translation_3
collaborate,We need to collaborate with various stakeholders for success,Effective collaboration leads to better project outcomes,6,kəˈlæbəˌreɪt (collaborer),Pour atteindre nos objectifs nous devons collaborer efficacement,Une collaboration efficace donne de meilleurs résultats,collaborer / coopérer / partager
education,Education is a fundamental right for all children,Investing in education improves societal outcomes,8,ˌɛdʒʊˈkeɪʃən (éducation),L'éducation est un droit fondamental pour tous les enfants,Investir dans l'éducation améliore les résultats sociétaux,éducation / enseignement / formation
be mindful,Be mindful of cultural differences in negotiations,Mindfulness can lead to better decision-making,7,biː ˈmaɪndfəl (attentif),Soyez attentif aux différences culturelles dans les négociations,La pleine conscience peut mener à de meilleures décisions,attentif / prudent / réfléchi
seamlessly,The new system integrates seamlessly with existing processes,Seamless integration enhances operational efficiency,9,ˈsiːm.ləs.li (sans couture),Le nouveau système s'intègre parfaitement aux processus existants,Une intégration transparente améliore l'efficacité opérationnelle,sans couture / fluidement / intégralement
not set in stone,The plan is not set in stone and can be adjusted,Flexibility is key to adapting plans that are not set in stone,6,nɒt sɛt ɪn stoʊn (non gravé dans la pierre),Le plan n'est pas gravé dans la pierre et peut être ajusté,La flexibilité est essentielle pour adapter des plans qui ne sont pas gravés dans la pierre,non gravé dans la pierre / flexible / modifiable
at the end of the day,At the end of the day results matter more than processes,What matters at the end of the day is the impact on the community,7,æt ði ɛnd ʌv ðə deɪ (à la fin de la journée),À la fin de la journée les résultats comptent plus que les processus,Ce qui compte à la fin de la journée c'est l'impact sur la communauté,à la fin de la journée / finalement / ultimement
sequence,The sequence of events is crucial for accurate reporting,Establishing a proper sequence improves process efficiency,6,ˈsiːkwəns (séquence),La séquence des événements est cruciale pour un rapport précis,Établir une séquence correcte améliore l'efficacité du processus,séquence / ordre / chronologie
capture,We need to capture the data accurately for analysis,Capturing accurate information is vital for informed decisions,7,ˈkæp.tʃər (capturer),Nous devons capturer les données avec précision pour l'analyse,Capturer des informations précises est vital pour des décisions éclairées,capturer / prendre / obtenir
dictate the pace,The leader should dictate the pace of the project,Dictating the pace effectively is crucial for meeting deadlines,8,dɪkˌteɪt ðə peɪs (dictionner le rythme),Le leader doit dicter le rythme du projet,Dicter le rythme efficacement est crucial pour respecter les délais,dictionner le rythme / régir le rythme / imposer le rythme
shape,The policies will shape the future of the organization,Shaping strategies effectively is key to long-term success,7,ʃeɪp (façonner),Les politiques façonneront l'avenir de l'organisation,Façonner les stratégies efficacement est clé pour le succès à long terme,façonner / former / structurer
caveats,There are several caveats to the proposed changes,Understanding the caveats is important for proper implementation,6,ˈkæviˌæts (réserves),Il y a plusieurs réserves concernant les changements proposés,Comprendre les réserves est important pour une mise en œuvre correcte,réserves / objections / précautions
endeavours,Our endeavours in this project will yield results,Endeavours are crucial for achieving our goals,8,ɪnˈdɛvərz (efforts),Nos efforts dans ce projet porteront leurs fruits,Les efforts sont cruciaux pour atteindre nos objectifs,efforts / tentatives / entreprises
major piece,The major piece of the puzzle is still missing,Identifying the major pieces of the plan is essential for success,9,ˈmeɪdʒər piːs (pièce majeure),La pièce majeure du puzzle est encore manquante,Identifier les pièces majeures du plan est essentiel pour le succès,pièce majeure / élément clé / composant principal
revamp,The system needs a complete revamp to improve performance,Revamping processes can lead to better results,7,rɪˈvæmp (refonte),Le système a besoin d'une refonte complète pour améliorer les performances,Réorganiser les processus peut conduire à de meilleurs résultats,refonte / révision / modernisation
hands-on practice,Hands-on practice is crucial for mastering new skills,Providing hands-on practice enhances learning and retention,8,hændz-ɒn ˈpræktɪs (pratique concrète),La pratique concrète est cruciale pour maîtriser de nouvelles compétences,Offrir une pratique concrète améliore l'apprentissage et la rétention,pratique concrète / expérience pratique / formation pratique
ins and outs,Understanding the ins and outs of the process is essential,The ins and outs of the operation need to be carefully studied,7,ɪnz ənd aʊts (détails),Comprendre les tenants et les aboutissants du processus est essentiel,Les tenants et les aboutissants de l'opération doivent être soigneusement étudiés,détails / complexités / nuances
craft,We need to craft a detailed proposal for the project,Crafting effective solutions requires creativity and skill,8,kræft (élaborer),Nous devons élaborer une proposition détaillée pour le projet,Élaborer des solutions efficaces nécessite créativité et compétence,élaborer / concevoir / mettre au point
spare,We should spare no effort in achieving our goals,Having spare time is essential for improving productivity,6,speə (épargner),Nous ne devons épargner aucun effort pour atteindre nos objectifs,Avoir du temps libre est essentiel pour améliorer la productivité,épargner / laisser de côté / réserver
timeline wise,Timeline-wise we are ahead of schedule,Reviewing progress timeline-wise helps in staying on track,7,ˈtaɪmlaɪn waɪz (en termes de chronologie),En termes de chronologie nous sommes en avance sur le calendrier,Réviser les progrès en termes de chronologie aide à rester sur la bonne voie,en termes de chronologie / par rapport à la chronologie / du point de vue de la chronologie
if I'm not mistaken,If I'm not mistaken the deadline is next week,If I'm not mistaken we have completed most of the tasks,6,ɪf aɪm nɒt mɪsˈteɪkən (si je ne me trompe pas),Si je ne me trompe pas la date limite est la semaine prochaine,Si je ne me trompe pas nous avons terminé la plupart des tâches,si je ne me trompe pas / à moins que je ne me trompe pas / si je ne fais pas d'erreur
facilitate,The new software will facilitate the workflow,We aim to facilitate communication between departments,7,fəˈsɪlɪteɪt (faciliter),Le nouveau logiciel facilitera le flux de travail,Nous visons à faciliter la communication entre les départements,faciliter / aider / permettre
comply with,We must comply with the new regulations,Complying with the new rules is mandatory,7,kəmˈplaɪ wɪð (se conformer à),Nous devons nous conformer aux nouvelles régulations,Se conformer aux nouvelles règles est obligatoire,se conformer à / s'aligner sur / adhérer à
oversee,The project manager will oversee the implementation,Effective oversight ensures the project stays on track,6,oʊvərˈsiː (superviser),Le chef de projet supervisera la mise en œuvre,Un suivi efficace garantit que le projet reste sur la bonne voie,superviser / contrôler / manager
streamline,We need to streamline our processes for better efficiency,Streamlining operations can reduce costs and time,7,ˈstriːmˌlaɪn (rationaliser),Nous devons rationaliser nos processus pour une meilleure efficacité,Rationaliser les opérations peut réduire les coûts et le temps,rationaliser / simplifier / optimiser
benchmark,To benchmark our performance against industry standards,Benchmarking helps identify areas for improvement,8,ˈbɛnʃmɑːrk (référence),Comparer notre performance aux normes de l'industrie,Le benchmarking aide à identifier les domaines à améliorer,référence / point de comparaison / norme
prioritize,We need to prioritize tasks to meet our deadlines,Prioritizing effectively can improve project outcomes,6,praɪˈɒrɪtaɪz (prioriser),Nous devons prioriser les tâches pour respecter nos délais,Prioriser efficacement peut améliorer les résultats du projet,prioriser / mettre en priorité / classer
implement,The team will implement the new strategy next quarter,Implementing changes requires careful planning,7,ˈɪmplɪˌmɛnt (mettre en œuvre),L'équipe mettra en œuvre la nouvelle stratégie au prochain trimestre,Mettre en œuvre les changements nécessite une planification minutieuse,mettre en œuvre / appliquer / exécuter
evaluate,We need to evaluate the effectiveness of our approach,Evaluating outcomes helps in refining strategies,7,ɪˈvæljueɪt (évaluer),Nous devons évaluer l'efficacité de notre approche,Évaluer les résultats aide à affiner les stratégies,évaluer / juger / examiner
review,The review process is essential for quality control,Regular reviews ensure continuous improvement,6,rɪˈvjuː (révision),Le processus de révision est essentiel pour le contrôle qualité,Des révisions régulières assurent une amélioration continue,révision / examen / évaluation
engage,We need to engage stakeholders early in the process,Engaging team members increases motivation and productivity,8,ɪnˈɡeɪdʒ (impliquer),Nous devons impliquer les parties prenantes dès le début du processus,Impliquer les membres de l'équipe augmente la motivation et la productivité,impliquer / associer / mobiliser
navigate,To navigate complex regulations requires expertise,Navigating challenges effectively is key to successful outcomes,7,ˈnævɪɡeɪt (naviguer),Naviguer dans les réglementations complexes nécessite de l'expertise,Naviguer efficacement à travers les défis est clé pour des résultats réussis,naviguer / gérer / traverser
synchronize,Synchronizing schedules helps in managing resources better,Effective synchronization of tasks improves team efficiency,6,ˈsɪŋkrəˌnaɪz (synchroniser),Synchroniser les emplois du temps aide à mieux gérer les ressources,Une synchronisation efficace des tâches améliore l'efficacité de l'équipe,synchroniser / harmoniser / coordonner
optimize,We must optimize our workflow to increase productivity,Optimizing processes can lead to better performance,7,ˈɒptɪmaɪz (optimiser),Nous devons optimiser notre flux de travail pour augmenter la productivité,Optimiser les processus peut conduire à de meilleures performances,optimiser / améliorer / perfectionner
allocate,We need to allocate resources where they are needed most,Allocating time effectively ensures timely project completion,6,ˈæləkɪt (allouer),Nous devons allouer les ressources là où elles sont le plus nécessaires,Allouer le temps efficacement assure l'achèvement du projet en temps voulu,allouer / répartir / distribuer
advance,We aim to advance our goals through strategic planning,Advancing technology helps in achieving business objectives,8,ədˈvɑːns (avancer),Nous visons à faire avancer nos objectifs par une planification stratégique,Avancer la technologie aide à atteindre les objectifs commerciaux,avancer / promouvoir / faire progresser
integrate,Integrating new solutions is crucial for progress,Effective integration enhances overall system performance,7,ˈɪntɪɡreɪt (intégrer),L'intégration de nouvelles solutions est cruciale pour le progrès,Une intégration efficace améliore les performances globales du système,intégrer / combiner / fusionner
sustain,We need to sustain our efforts to see long-term results,Sustaining progress requires continuous improvement and adaptation,8,səˈsteɪn (maintenir),Nous devons maintenir nos efforts pour voir des résultats à long terme,Maintenir les progrès nécessite une amélioration et une adaptation continues,maintenir / préserver / continuer
revise,We need to revise our strategy to meet the new objectives,Revising plans regularly helps in staying aligned with goals,7,rɪˈvaɪz (réviser),Nous devons réviser notre stratégie pour atteindre les nouveaux objectifs,Réviser les plans régulièrement aide à rester aligné avec les objectifs,réviser / revoir / ajuster
delegate,The manager should delegate tasks to ensure efficiency,Delegating responsibilities helps in better team management,8,ˈdɛlɪˌɡeɪt (déléguer),Le manager doit déléguer des tâches pour assurer l'efficacité,Déléguer des responsabilités aide à une meilleure gestion de l'équipe,déléguer / répartir / confier
amplify,We need to amplify our efforts to reach a larger audience,Amplifying the message ensures it resonates with the target group,7,ˈæmplɪˌfaɪ (amplifier),Nous devons amplifier nos efforts pour atteindre un public plus large,Amplifier le message garantit qu'il résonne avec le groupe cible,amplifier / intensifier / renforcer
centralize,Centralizing operations can lead to cost savings,We aim to centralize the decision-making process for efficiency,6,ˈsɛntrəˌlaɪz (centraliser),Centraliser les opérations peut entraîner des économies de coûts,Nous visons à centraliser le processus de décision pour plus d'efficacité,centraliser / regrouper / concentrer
eliminate,We must eliminate redundancies to streamline operations,Eliminating waste is essential for sustainable practices,7,ɪˈlɪmɪˌneɪt (éliminer),Nous devons éliminer les redondances pour rationaliser les opérations,Éliminer le gaspillage est essentiel pour des pratiques durables,éliminer / supprimer / réduire
negotiate,Negotiating effectively is key to securing good deals,We need to negotiate the terms of the contract carefully,7,nɪˈɡoʊʃiˌeɪt (négocier),Négocier efficacement est essentiel pour conclure de bonnes affaires,Nous devons négocier les termes du contrat avec soin,négocier / discuter / traiter
facilitate,The new software will facilitate the workflow,We aim to facilitate communication between departments,7,fəˈsɪlɪteɪt (faciliter),Le nouveau logiciel facilitera le flux de travail,Nous visons à faciliter la communication entre les départements,faciliter / aider / permettre
escalate,The issue needs to be escalated to senior management,Escalating concerns early can prevent larger problems,7,ˈɛskəˌleɪt (escalader),Le problème doit être remonté à la direction,Remonter les préoccupations tôt peut prévenir de plus grands problèmes,escalader / intensifier / aggraver
mediate,A mediator will help resolve the conflict,Effective mediation can prevent disputes from escalating,6,ˈmiːdiˌeɪt (médiation),Un médiateur aidera à résoudre le conflit,Une médiation efficace peut prévenir l'escalade des conflits,médiation / arbitrer / intervenir
implement,The team will implement the new strategy next quarter,Implementing changes requires careful planning,7,ˈɪmplɪˌmɛnt (mettre en œuvre),L'équipe mettra en œuvre la nouvelle stratégie au prochain trimestre,Mettre en œuvre les changements nécessite une planification minutieuse,mettre en œuvre / appliquer / exécuter
facilitate,The new software will facilitate the workflow,We aim to facilitate communication between departments,7,fəˈsɪlɪteɪt (faciliter),Le nouveau logiciel facilitera le flux de travail,Nous visons à faciliter la communication entre les départements,faciliter / aider / permettre
